min_rank:4,max_rank:10,min_dimension:2,max_dimension:100,length:100,repetitions:10
,2,3,4,5,6,7,8,9,10,11,12,13,14,15,16,17,18,19,20,21,22,23,24,25,26,27,28,29,30,31,32,33,34,35,36,37,38,39,40,41,42,43,44,45,46,47,48,49,50,51,52,53,54,55,56,57,58,59,60,61,62,63,64,65,66,67,68,69,70,71,72,73,74,75,76,77,78,79,80,81,82,83,84,85,86,87,88,89,90,91,92,93,94,95,96,97,98,99,100,
4,0.939301,1.22819,1.58931,2.33167,3.04404,3.72886,4.40333,4.20974,5.01697,6.62071,7.13932,7.98788,6.7326,8.56883,10.2809,11.3785,11.8563,12.3184,13.896,14.899,15.8267,16.784,16.5109,18.8442,19.4064,19.6665,20.8241,22.0383,23.0936,24.3451,25.6927,26.2433,26.8932,28.3405,29.4804,31.3623,32.6199,34.2073,37.9497,37.2275,38.4248,41.4872,42.2221,43.5942,45.5053,47.2176,50.8458,65.3288,54.1632,54.8943,57.9577,59.6297,61.4168,64.1244,65.6579,68.8452,71.7692,73.9267,74.8979,78.3089,82.2709,83.3285,86.2326,89.4662,92.7294,96.6455,97.0613,100.961,103.537,105.059,108.433,110.062,114.136,117.522,121.453,121.85,135.169,131.076,133.664,137.557,142.782,144.186,149.316,151.749,155.499,159.443,159.681,166.324,169.814,174.716,176.638,180.931,185.366,189.893,198.019,198.142,198.335,203.428,208.319,
5,0.890733,1.05446,1.63344,2.2793,2.83823,3.63219,4.5364,5.08481,5.30442,6.18111,7.07244,7.91482,8.12594,8.41071,8.54614,9.35947,9.07327,9.89461,10.312,11.004,11.3505,12.3727,13.3074,14.4253,15.394,15.9613,17.1704,18.4432,19.6634,20.604,22.1281,23.2694,24.8716,27.32,27.5046,29.2859,30.5088,32.3524,34.8015,35.715,36.945,39.6752,40.2516,43.4167,44.1835,46.3731,49.1415,57.114,57.4352,60.2477,65.5702,61.4276,67.6537,67.0211,67.6671,68.4435,71.0567,73.8522,74.4758,79.982,81.2967,84.4065,87.5952,89.1286,96.3912,93.7986,103.667,

6,0.828621,1.24162,1.72747,2.18921,3.00915,3.51777,4.34738,4.85388,4.47664,4.65129,4.15207,4.41561,5.00955,5.55996,7.10773,8.29172,8.41024,8.21753,8.76926,9.67523,10.3343,11.3778,12.4074,13.445,14.4996,16.4597,17.5234,17.942,18.8098,20.0125,22.0977,23.3087,

7,0.899665,1.2442,1.70806,1.77769,2.42361,3.06667,2.50498,2.36006,2.80273,2.86964,3.59052,3.92487,4.56031,5.76451,6.07073,7.26628,7.45842,7.82832,9.58447,

8,0.977306,1.33403,1.61573,1.75619,1.46145,1.61786,1.84537,2.25512,2.7176,3.18848,3.67023,4.22152,10.8624,

9,2.16104,1.39893,1.9434,1.42481,1.26503,1.62832,1.99532,2.4428,2.84608,

10,1.05178,1.35447,1.7346,1.03147,1.35631,1.67251,2.02099,


