min_rank:4,max_rank:10,min_dimension:2,max_dimension:100,length:500,repetitions:10
,2,3,4,5,6,7,8,9,10,11,12,13,14,15,16,17,18,19,20,21,22,23,24,25,26,27,28,29,30,31,32,33,34,35,36,37,38,39,40,41,42,43,44,45,46,47,48,49,50,51,52,53,54,55,56,57,58,59,60,61,62,63,64,65,66,67,68,69,70,71,72,73,74,75,76,77,78,79,80,81,82,83,84,85,86,87,88,89,90,91,92,93,94,95,96,97,98,99,100,
4,0.448129,1.16553,0.6841,0.189093,0.425239,0.177193,0.156841,0.486234,0.292244,0.403607,0.30351,0.358079,0.364199,0.298552,0.705617,0.885297,1.27667,1.26561,0.881699,0.752175,1.07353,1.03503,0.74147,1.43286,1.60411,0.810404,0.968532,1.97599,0.98505,17.9428,7.92878,3.33104,5.2558,1.34945,0.700052,2.80116,2.58257,3.20463,5.21371,2.56608,1.37127,4.26733,4.30864,3.27356,4.86734,4.86316,2.73477,4.80476,2.92674,2.75491,4.22035,5.89264,9.2304,4.42271,5.09017,7.1075,7.45068,8.50389,7.9347,5.44159,8.1177,7.39701,35.4491,6.54133,24.1256,28.7671,6.52375,14.3349,15.1481,5.93971,7.24651,8.52956,9.96897,10.6228,6.38821,8.55922,11.3009,10.4875,10.7771,9.96488,7.29739,8.02439,11.7907,10.6576,9.75125,11.2575,11.9544,12.384,9.89705,9.40419,14.3153,99.8356,14.116,12.3629,14.0791,19.1037,14.2347,15.6366,14.992,
5,0.137409,0.725332,0.408234,0.917636,1.16897,0.1868,0.246211,0.509586,0.502692,0.822942,0.48673,0.551322,0.852553,1.57568,0.560166,0.924743,0.553558,0.697389,16.1626,0.862863,6.24573,21.9048,0.943622,0.96911,1.25729,2.24161,0.960318,1.28315,1.67297,0.860012,2.22214,1.26292,1.23271,2.89546,1.22949,1.24293,2.99131,2.72218,22.8147,3.19479,2.91536,3.28937,4.19097,3.78583,2.81643,5.06881,3.54546,3.47568,2.94566,18.898,4.26401,3.71796,4.87672,5.06327,9.19361,7.72612,4.53042,11.4088,6.26824,6.94632,6.08801,7.02176,34.205,6.60436,25.9975,5.6448,16.3802,

6,0.182429,0.202614,0.152379,2.00014,0.600867,0.528545,0.762345,1.13873,0.808023,1.56999,0.819302,0.670266,0.583162,0.483435,0.738598,0.550716,1.0227,0.947029,1.02475,1.06523,0.702036,0.945494,1.61921,1.2142,1.35529,1.05077,1.79683,1.94983,1.50582,1.78278,3.34386,2.46462,

7,0.184825,0.0584216,0.223859,0.401355,0.519711,0.850663,0.810637,0.599616,0.837314,0.609898,0.623718,0.667176,0.55867,0.573612,0.874603,0.664123,0.845865,1.12736,1.42632,

8,0.171214,0.163615,0.454152,0.550888,0.424976,0.257079,0.373234,0.301694,0.425775,0.379757,0.603938,0.35422,12.8589,

9,1.8112,2.25143,2.08131,0.707051,0.246444,0.422928,0.478738,0.336244,0.713728,

10,0.118027,0.362716,1.70677,0.262375,0.137723,0.199495,0.21409,


