min_rank:4,max_rank:10,min_dimension:2,max_dimension:100,length:500,repetitions:10
,2,3,4,5,6,7,8,9,10,11,12,13,14,15,16,17,18,19,20,21,22,23,24,25,26,27,28,29,30,31,32,33,34,35,36,37,38,39,40,41,42,43,44,45,46,47,48,49,50,51,52,53,54,55,56,57,58,59,60,61,62,63,64,65,66,67,68,69,70,71,72,73,74,75,76,77,78,79,80,81,82,83,84,85,86,87,88,89,90,91,92,93,94,95,96,97,98,99,100,
4,3.53958,3.93106,5.57351,7.20107,8.63839,10.4141,12.0931,13.9989,16.9087,19.5236,21.8669,24.429,27.2552,29.6616,32.8999,36.1762,40.9069,44.6382,48.729,53.1116,56.9609,62.2547,66.9517,71.3339,75.4482,82.2326,87.6733,93.9761,100.111,114.071,115.188,117.098,125.852,132.381,140.258,146.771,154.411,162.34,170.09,179.445,188.437,194.4,204.035,214.596,225.021,231.962,243.785,252.23,263.062,275.628,283.585,295.026,307.047,317.546,326.552,338.192,353.165,361.756,378.843,389.169,399.736,415.174,460.208,435.613,461.218,494.675,483.751,497.693,509.454,527.241,541.067,553.651,567.111,584.344,592.188,616.426,626.966,651.252,663.007,679.137,699.1,711.733,731.012,748.638,760.312,783.707,799.029,822.828,842.101,859.371,874.197,929.796,914.338,937.362,958.008,974.433,994.807,1013.66,1037.13,
5,3.7909,4.49375,5.75673,6.85571,8.15849,10.2926,12.1709,14.2957,16.3236,18.6464,21.9532,24.1498,26.6782,28.5802,32.4758,35.6433,38.8694,41.2905,51.1175,49.1517,55.6444,64.9397,63.2272,68.4434,74.4185,79.856,84.8632,89.7678,95.6481,102.432,107.466,115.828,123.367,128.625,137.703,145.4,151.344,161.472,175.147,177.12,184.082,193.52,203.207,212.019,222.805,231.689,243.153,250.805,263.859,277.801,281.301,294.773,303.493,313.31,328.93,342.908,352.001,363.883,371.853,385.83,401.148,412.31,445.567,437.591,462.052,468.784,489.396,

6,3.679,4.76203,5.76003,7.48608,8.79021,10.0016,12.4412,13.6763,15.8251,17.641,18.9696,20.8829,23.6709,26.4108,30.5105,31.8455,35.0855,38.6188,43.2717,47.1834,52.2545,55.649,61.3546,65.709,70.0902,76.7848,82.1116,87.5428,94.0898,101.528,107.043,113.408,

7,3.81133,4.77602,5.71784,6.87399,8.58682,9.71949,10.2284,11.1177,12.4958,14.5519,17.8859,19.1373,22.1102,24.6991,28.3931,31.3519,35.2637,38.7402,43.4688,

8,3.88222,4.63217,5.97735,6.80042,7.09121,8.13779,9.774,10.2017,12.6999,14.5771,17.5073,19.6818,40.0119,

9,5.10318,6.05751,7.02609,5.64014,6.61041,7.6778,9.37406,10.9923,13.3187,

10,4.03991,4.7781,6.06183,5.00637,6.7064,8.36255,9.44083,


