model:tensor,parallelization:sequential,min_rank:4,max_rank:10,min_dimension:2,max_dimension:100,length:400,repetitions:10
,2,3,4,5,6,7,8,9,10,11,12,13,14,15,16,17,18,19,20,21,22,23,24,25,26,27,28,29,30,31,32,33,34,35,36,37,38,39,40,41,42,43,44,45,46,47,48,49,50,51,52,53,54,55,56,57,58,59,60,61,62,63,64,65,66,67,68,69,70,71,72,73,74,75,76,77,78,79,80,81,82,83,84,85,86,87,88,89,90,91,92,93,94,95,96,97,98,99,100,
4,1.77071,1.47926,1.46958,2.45172,1.88272,4.03827,2.93698,3.58762,4.30802,5.09655,5.97162,6.90321,8.018,8.99099,10.1501,11.398,12.6925,14.0827,15.5262,17.0502,18.6481,20.3315,22.06,23.8878,25.7729,27.7549,29.7778,31.8936,34.1077,36.3409,38.664,41.1358,43.6094,46.1894,48.8316,51.5625,54.3252,57.208,60.12,63.1168,66.2137,69.4165,72.5841,75.8621,79.2269,82.6635,86.1699,89.7719,93.4663,97.1886,100.985,104.884,108.771,112.723,116.858,120.993,125.204,129.555,133.925,138.371,142.904,147.502,152.225,156.939,161.739,166.664,171.596,176.653,181.761,186.95,192.224,197.575,202.994,208.462,214.055,219.686,225.394,231.168,237.057,242.994,249.004,254.963,261.117,267.347,273.629,279.992,286.396,293.02,299.563,306.288,313.011,319.829,326.691,333.599,340.659,347.799,355.034,361.825,369.465,
5,0.617138,1.27238,1.09714,2.76246,1.87839,2.37356,2.95517,3.60008,4.31532,5.11655,5.98215,6.92782,7.94918,9.04943,10.2051,11.4594,12.7983,14.183,15.6768,17.2355,18.8673,20.5685,22.3092,24.1793,26.1015,28.0858,30.2641,32.361,34.5599,36.816,39.1448,41.624,44.0135,46.5825,49.1449,51.8836,54.6577,57.4838,60.3014,63.3594,66.3997,69.5654,72.7466,75.9827,79.3366,82.7461,86.3214,89.8271,93.4722,97.1913,100.98,104.833,108.802,112.921,116.939,121.15,125.311,129.974,134.209,138.848,143.405,148.4,152.604,157.304,161.968,166.86,174.923,

6,1.64656,1.87346,1.29047,2.59648,1.88265,2.40165,2.97045,3.63942,4.36732,5.19245,6.13964,7.12596,8.18648,9.31172,10.5152,11.6845,12.9883,14.3504,15.7967,17.3109,18.8745,20.6001,22.2937,24.2557,25.9689,27.9932,29.9564,32.045,34.1866,36.4112,38.6443,41.5883,

7,1.86405,2.19584,1.36205,2.61771,1.90833,2.4224,3.07559,3.842,4.63776,5.5099,6.39046,7.34127,8.37895,9.45938,10.6039,11.8591,13.1578,14.3866,15.9836,

8,1.7683,1.61241,1.35251,1.54087,1.98459,2.67427,3.2543,3.98704,4.72345,5.52712,6.3893,7.3437,24.8772,

9,1.60595,1.406,1.32235,1.65176,2.20221,2.74955,3.31912,3.98996,4.72752,

10,0.637267,0.945942,1.14527,1.7643,2.29594,2.82911,3.44721,


